,dt,knn,svr,mlp,rf
relative_deviation,3.2065905872599956,2.710216524304001,15.903754592081354,5.802572383791964,2.44878544841576
R2,0.91614182270961,0.9456542186180747,0.4185757538547568,0.8438614796513968,0.953807564812092
RMSE,43.57812923833475,34.85398861789292,145.85557830904892,59.00303365026847,32.11486613590693
RRMSE,0.29192564787699776,0.2334834786672156,0.977072328219346,0.39525558178185627,0.21513436366058053
