,dt,knn,svr,mlp,rf
relative_deviation,3.412033595304291,2.7805747694120506,16.125615382948986,5.660567783766688,2.537702292707409
R2,0.9138876504705532,0.947638687767392,0.4037230508079903,0.8494711378475088,0.9539729341276258
RMSE,45.167978240214644,34.82121252372951,148.36822104819404,58.94871311054283,32.58396758120588
RRMSE,0.29742224045151605,0.22929082610177956,0.9769755130786644,0.38816566532662206,0.21455900880180206
