,catboost,dt,knn,svr,mlp,rf
RMSE,44.46047440627205,42.89302604707056,34.81186326490339,148.35345797303074,63.00495617649557,32.05534315028575
RRMSE,0.292586413271209,0.2822713165582079,0.2290906327020427,0.9762875170442802,0.414624324012836,0.21095046788787375
relative_deviation,4.137908324037684,3.2967132153132606,2.8348138106819065,16.286805506770996,6.218892051030572,2.540912040128081
R2,0.9150368458462135,0.9212334327502846,0.9475817318999865,0.437564178001537,0.828253714892513,0.9556195469390281
