,dt,knn,svr,mlp,rf
relative_deviation,3.2961089303161955,2.7707703996546216,15.805378932264475,5.965670154173901,2.4585907317656908
R2,0.9153019477305787,0.9472253200132845,0.40921079438947205,0.8342152135247812,0.9568007395885932
RMSE,44.46818389441772,34.555154237703434,146.7425637654255,61.141614644078324,31.206602787995543
RRMSE,0.2961878154473449,0.23016041470036883,0.9774035183901503,0.40724400432791913,0.2078568247638676
