,dt,knn,svr,mlp,rf
relative_deviation,3.331509728117479,2.7529449900282743,16.070107142474395,5.84351202818569,2.488445637159793
R2,0.9086814640945324,0.9478255129266582,0.41578220729777765,0.8406494633571558,0.9510239924828526
RMSE,46.198155305518654,34.566714105380186,147.34740632174524,60.27529007145228,33.39690191612129
RRMSE,0.3062542673090063,0.22914775777548232,0.9767873124916306,0.39957363395991125,0.22139290322465935
