,dt,knn,svr,mlp,rf
relative_deviation,3.521110628066441,2.500146978633364,5.170525897713299,2.876662287766439,2.387487264749997
R2,0.9164726202357486,0.9513855773898093,0.8658794582805884,0.9509988004210831,0.9615424969318574
RMSE,44.27887329574391,33.61158675795892,55.66374130743961,33.65610097940596,30.04500548942536
RRMSE,0.2915676595097999,0.22132567868140965,0.36653477300943754,0.22161879606214174,0.1978404435000127
