,catboost,dt,knn,svr,mlp,rf
RMSE,36.32457576369025,43.039838124742616,33.17352369376869,42.516008127941205,36.62257550317724,28.669101931347917
RRMSE,0.2419459442743196,0.2866740782947774,0.22095783216326798,0.2831850205273907,0.24393082164309404,0.1909553736677149
relative_deviation,3.183693700421883,3.362846699157535,2.57774751461367,3.7306930280579493,3.1595111862040177,2.333276034794553
R2,0.9415600282516592,0.9198201948176852,0.9514304940107198,0.9198098441312422,0.940654903583436,0.9640615583832612
