,dt,knn,svr,mlp,rf
relative_deviation,3.488226964238535,2.6782419163655122,4.883824066688291,2.9749792244895006,2.48082109226462
R2,0.918495753736712,0.9477816449380763,0.8690863535862726,0.9473281082192577,0.9604552212183594
RMSE,43.309941302359206,34.4396246413212,54.36376239542916,34.50951527371944,30.120837920191953
RRMSE,0.2883836126987153,0.22931971449037483,0.3619865954109346,0.22978508831584576,0.20056263748536285
