,dt,knn,svr,mlp,rf
relative_deviation,3.1066385990888903,2.6289796784734074,16.058367517312234,5.097787429607669,2.4204943709365074
R2,0.9274935793338822,0.9551000075608368,0.41165891111949426,0.8758903546702131,0.9598016304902128
RMSE,41.1593016342838,32.22810055499474,148.61412037837306,53.58752675212378,30.522300525142295
RRMSE,0.2707629112625117,0.2120097762655633,0.9776451565166562,0.3525209168922585,0.20078831808295378
