,dt,knn,svr,mlp,rf
relative_deviation,3.3378135358022907,2.7281348510966965,16.04586763672106,5.74030208797746,2.4500886386066676
R2,0.9107151363504554,0.9446743316962327,0.400548831049518,0.8489243312866178,0.9567081357334754
RMSE,45.61246169933898,35.562256296326716,147.43252117631195,58.658627837535235,31.41876695948142
RRMSE,0.3023890470950713,0.23576093886098629,0.9774078821528498,0.3888789579614766,0.20829156436249488
