,dt,knn,svr,mlp,rf
relative_deviation,3.4470070914086373,2.5696661231073437,5.153919090810623,3.128268701402371,2.406819539260353
R2,0.9208794513265971,0.9530816134026943,0.8686492061015738,0.9438092853861079,0.963379289305284
RMSE,42.93592303445973,32.980893703506354,55.2185979326967,36.228556077075325,29.455271111950452
RRMSE,0.2825536139436484,0.21704135018916104,0.3633836959848895,0.23841363418045283,0.19383985982301766
