,dt,knn,svr,mlp,rf
relative_deviation,3.1757476587676075,2.530244766716597,4.649898611347453,2.981932371017545,2.3342802934934936
R2,0.9265606043710073,0.9524308619041736,0.8763291791123184,0.9465490193581092,0.9636307480362213
RMSE,41.14386938621047,32.89799609544068,52.96688585037127,34.91802315047988,28.99369776191088
RRMSE,0.2731861427450509,0.218435377892953,0.3516883427480926,0.23184790830487767,0.19251170523467814
