,dt,knn,svr,mlp,rf
relative_deviation,3.3054340563005407,2.318566164829934,4.5247817739699565,3.2076336797800926,2.280666235662163
R2,0.926222608618717,0.9613230074553331,0.8876899223361321,0.9415065433950078,0.9676640707826674
RMSE,41.46095963635865,29.9635957868584,50.97425115765256,36.769062978643014,27.695392044325192
RRMSE,0.2727473423778196,0.19711292721218399,0.3353297090778645,0.24188210540966476,0.18219174477518024
