,dt,knn,svr,mlp,rf
relative_deviation,3.434787575121535,2.395988494979709,4.609953003562815,2.6712104005273036,2.3090658264722475
R2,0.9123854058245343,0.9519032840488781,0.879926221057992,0.9552809673274041,0.9636566166988473
RMSE,45.11437823853983,33.180130923036785,52.29230853985358,31.93295323936966,29.096872598806776
RRMSE,0.2990869893355566,0.21996857434362518,0.34667327218598554,0.21170037619619203,0.19289850297045866
