,dt,knn,svr,mlp,rf
relative_deviation,3.3406042765944424,2.810510308380562,15.941169649087556,5.659151089612361,2.5633314063385404
R2,0.9175158690233055,0.9447784404316851,0.40459606968993606,0.8477902073566369,0.9542286147087354
RMSE,43.70479947512018,35.36547680078384,146.7571423710972,58.607769690800815,32.13969136276143
RRMSE,0.29101281567014076,0.23548459448193923,0.9771972354072737,0.3902457460667752,0.21400537676808065
