,dt,knn,svr,mlp,rf
relative_deviation,3.1040258562401446,2.686222810876266,16.047638403047294,5.944043330400362,2.4187751459540543
R2,0.9253545240100624,0.9497916353265021,0.4163972263693894,0.8370204147089731,0.9574284833681924
RMSE,41.58839194399969,33.79366805951672,147.12581074355472,60.82255425779405,31.104787921846334
RRMSE,0.2761376736714616,0.22438244054605447,0.9768826640486282,0.40384823395237607,0.20652887441160273
