,catboost,dt,knn,svr,mlp,rf
RMSE,35.844788578682305,43.53776601108583,34.48323779490071,46.16670242568849,36.11977148835805,31.343694442599627
RRMSE,0.2379605539188473,0.2890314415900511,0.22892171196875147,0.3064839971843761,0.23978606574634825,0.2080794220630409
relative_deviation,3.161009245852549,3.4294713503843672,2.6516482339989538,4.249115364959619,3.077971660277435,2.467116784684208
R2,0.9433817387717243,0.9171510219099537,0.9476443194224603,0.9068292025704657,0.9432578451735348,0.9576766672168437
