,dt,knn,svr,mlp,rf
relative_deviation,3.333392399826506,2.540058987019398,5.200148089798003,3.119739921019409,2.372483850701204
R2,0.9163475664413515,0.949426006904928,0.8669447042508758,0.9423435355306319,0.9597931372056779
RMSE,43.46650044364661,33.61107876010575,54.583796101105875,36.16842937506268,30.293582567051708
RRMSE,0.2911778574421941,0.22515734645757393,0.3656515394053244,0.24228878941229376,0.20293376223278717
