,dt,knn,svr,mlp,rf
relative_deviation,3.3664082383480185,2.814730279173106,16.051274046002142,5.638753296891309,2.5707835655188673
R2,0.9167368667472543,0.9444563519243866,0.41373860653017436,0.8497920919612746,0.9518111695809865
RMSE,43.77188984486889,35.521298082489146,147.0562355640063,58.459173551261266,33.091866991235726
RRMSE,0.290585704828355,0.23581301781349032,0.9762530247658622,0.3880892556908349,0.21968490571950106
