,dt,knn,svr,mlp,rf
relative_deviation,3.401154943853894,2.516219730655969,4.778593147996024,3.0909488816791937,2.3695526894350807
R2,0.9118639716924868,0.9518941652170552,0.8832233133355608,0.9458111655432957,0.9609403013022361
RMSE,45.33602180076765,33.206125018577666,51.565715572412806,35.559015670623836,30.059656823766993
RRMSE,0.30053905935158975,0.220128215520349,0.3418366022724596,0.23572586867197892,0.19926982181955719
