target,st_rmse,sst_rmse,st_rrmse,sst_rrmse
Tg,95.2630193806891,88.69733592895217,0.6238927936850559,0.5808930796534613
Tliquidus,355.3558163309578,358.553412259106,1.0255192352053564,1.0347471582617114
