target,st_rmse,sst_rmse,st_rrmse,sst_rrmse
Tg,4871.030455394615,6077.48037592127,31.901159743811107,39.80239378249484
Tliquidus,3741.575866714689,4442.678584777137,10.797791523193904,12.821099684156069
