target,st_rmse,sst_rmse,st_rrmse,sst_rrmse
Tg,4871.030455394615,4755.5293331442645,31.901159743811107,31.14472436833173
Tliquidus,3741.575866714689,3480.433431089263,10.797791523193904,10.044162122591015
