target,st_rmse,sst_rmse,st_rrmse,sst_rrmse
Tg,107.52140109791877,107.79732068761152,0.7041749017406248,0.7059819433897869
Tliquidus,363.15396720452264,363.24961529144605,1.0480238723953275,1.0482999026400646
