target,st_rmse,sst_rmse,st_rrmse,sst_rrmse
Tg,95.2630193806891,95.46951949830597,0.6238927936850559,0.6252451960770212
Tliquidus,355.3558163309578,355.1945615074869,1.0255192352053564,1.0250538708701207
