target,st_rmse,sst_rmse,st_rrmse,sst_rrmse
Tg,107.52140109791877,107.90281607783977,0.7041749017406248,0.7066728496213791
Tliquidus,363.15396720452264,341.07114626909646,1.0480238723953275,0.9842951908988536
