target,st_rmse,sst_rmse,st_rrmse,sst_rrmse
Tg,4871.030455394615,4854.143171391586,31.901159743811107,31.790562212230682
Tliquidus,3741.575866714689,3580.380033162484,10.797791523193904,10.332597426613289
