target,st_rmse,sst_rmse,st_rrmse,sst_rrmse
Tg,107.52140109791877,99.4260562970065,0.7041749017406248,0.6511571901824629
Tliquidus,363.15396720452264,343.9130141102233,1.0480238723953275,0.9924965203862336
