target,st_rmse,sst_rmse,st_rrmse,sst_rrmse
Tg,95.2630193806891,92.67622325406839,0.6238927936850559,0.6069514509413235
Tliquidus,355.3558163309578,338.9335683331034,1.0255192352053564,0.9781263674566341
