metric,dt,knn,svr,mlp,rf
R2,0.9185644752247525,0.9518300974694128,0.8766472581147842,0.945641518757897,0.9622802831995173
RMSE,43.38338735570687,33.154779317547515,52.9991884372918,35.27399419105675,29.57794775580221
RRMSE,0.28763559036164926,0.21983687289196502,0.35137707072357766,0.2338682645220222,0.19611261237879724
relative_deviation,3.3888691001019353,2.527852891092045,4.822878575671491,3.0375424612043163,2.3736084909194504
