metric,dt,knn,svr,mlp,rf
R2,0.9173596202746056,0.947472623816504,0.4131795629110046,0.8455967553513668,0.9551129226061157
RMSE,43.79778778203284,34.60797325437206,147.36530576507874,59.24694450549812,31.966934424409764
RRMSE,0.2903867293275458,0.22946238779149225,0.9769912152115341,0.3928184306651391,0.21194179936355012
relative_deviation,3.277328882015167,2.751789842208089,16.03359788087105,5.755484652319889,2.489478110481021
