,dt,knn,mlp,rf,svr
relative_deviation,0.030696052809020633,0.02729147496042646,0.05741492029008058,0.024486449839095824,0.16226981425758902
R2,0.92402523845789,0.9502429860449175,0.8505336509286937,0.9561755321830402,0.42024690557279515
RMSE,42.47873787487292,34.13020869835538,59.04619579523785,31.966308527077235,149.15369805303808
RRMSE,0.27821227178221525,0.22353401662593492,0.3867199708399941,0.2093616656409654,0.9768743436372272
