,dt,knn,mlp,rf,svr
relative_deviation,0.0307047269037079,0.02729147496042646,0.06137276692317738,0.024568462580766597,0.16226981425758902
R2,0.9234358035154305,0.9502429860449175,0.8325745518177295,0.9562120944651643,0.42024690557279515
RMSE,42.63931754372058,34.13020869835538,62.4934566962574,31.95261656899733,149.15369805303808
RRMSE,0.2792639799239153,0.22353401662593492,0.40929762579583884,0.20927199087770434,0.9768743436372272
