metric,dt,knn,svr,mlp,rf
R2,0.005997101555970765,0.003184572627281782,0.010444928835214752,0.01288465836748702,0.0026735995815146234
RMSE,1.6474038945241474,0.9886902026660145,0.8651582802566866,2.460972983664756,0.9108384008855219
RRMSE,0.011326027950955416,0.007177060482060852,0.0004611568302194844,0.01678460295923699,0.006279397270899281
relative_deviation,0.10605934645401563,0.06425816881563534,0.13024509363230047,0.2894863576406323,0.05835151064551732
