metric,dt,knn,svr,mlp,rf
R2,0.004967182597740133,0.003831153716778509,0.008415661716258665,0.00467818841046207,0.0027791716934487407
RMSE,1.3649285287185726,1.252374111836814,1.8254961977445554,1.5532454485449372,1.0116895743887424
RRMSE,0.00942359589027195,0.00900924331285409,0.01213693094326878,0.010487817993999251,0.007197551360054834
relative_deviation,0.09914621381306113,0.10771710700892297,0.26251374525101223,0.16637992829664522,0.06386103551098557
